Workbook

Sheet Instructions
A2: GYW · Excel for Mac — Lesson 10 Practice
B4: The IF Statement
B6: Write IF formulas that classify each student's score.
B7: Your answer is graded by its computed RESULT (the text it returns).
B9: Tabs in this workbook
B10: Task 1 | C10: Pass/Fail and grade-band IF formulas
B11: Answer Key | C11: Live correct formulas

Sheet Task 1
A1: Task 1 — IF Statements
A3: Write a formula in each yellow cell — reference the Score column, don't hardcode.
A5: Student | B5: Score | C5: Pass/Fail (≥60 = Pass) | D5: Grade Band (A/B/C/F) | E5: Check 1 | F5: Check 2
A6: Aiko | B6: 96 | E6: =IF(TRIM(UPPER(SUBSTITUTE(C6," ","")))=TRIM(UPPER(SUBSTITUTE('Answer Key'!B6," ",""))),"✓","✗") -> ✗ | F6: =IF(TRIM(UPPER(SUBSTITUTE(D6," ","")))=TRIM(UPPER(SUBSTITUTE('Answer Key'!C6," ",""))),"✓","✗") -> ✗
A7: Ben | B7: 54 | E7: =IF(TRIM(UPPER(SUBSTITUTE(C7," ","")))=TRIM(UPPER(SUBSTITUTE('Answer Key'!B7," ",""))),"✓","✗") -> ✗ | F7: =IF(TRIM(UPPER(SUBSTITUTE(D7," ","")))=TRIM(UPPER(SUBSTITUTE('Answer Key'!C7," ",""))),"✓","✗") -> ✗
A8: Carla | B8: 88 | E8: =IF(TRIM(UPPER(SUBSTITUTE(C8," ","")))=TRIM(UPPER(SUBSTITUTE('Answer Key'!B8," ",""))),"✓","✗") -> ✗ | F8: =IF(TRIM(UPPER(SUBSTITUTE(D8," ","")))=TRIM(UPPER(SUBSTITUTE('Answer Key'!C8," ",""))),"✓","✗") -> ✗
A9: Diego | B9: 71 | E9: =IF(TRIM(UPPER(SUBSTITUTE(C9," ","")))=TRIM(UPPER(SUBSTITUTE('Answer Key'!B9," ",""))),"✓","✗") -> ✗ | F9: =IF(TRIM(UPPER(SUBSTITUTE(D9," ","")))=TRIM(UPPER(SUBSTITUTE('Answer Key'!C9," ",""))),"✓","✗") -> ✗
A10: Elin | B10: 59 | E10: =IF(TRIM(UPPER(SUBSTITUTE(C10," ","")))=TRIM(UPPER(SUBSTITUTE('Answer Key'!B10," ",""))),"✓","✗") -> ✗ | F10: =IF(TRIM(UPPER(SUBSTITUTE(D10," ","")))=TRIM(UPPER(SUBSTITUTE('Answer Key'!C10," ",""))),"✓","✗") -> ✗
A11: Farah | B11: 62 | E11: =IF(TRIM(UPPER(SUBSTITUTE(C11," ","")))=TRIM(UPPER(SUBSTITUTE('Answer Key'!B11," ",""))),"✓","✗") -> ✗ | F11: =IF(TRIM(UPPER(SUBSTITUTE(D11," ","")))=TRIM(UPPER(SUBSTITUTE('Answer Key'!C11," ",""))),"✓","✗") -> ✗
A13: Hint Pass/Fail: =IF(B6>=60,"Pass","Fail") Hint Grade Band: =IF(B6>=90,"A",IF(B6>=80,"B",IF(B6>=60,"C","F")))
E14: Check

Sheet Answer Key
A1: Answer Key
A3: Live formulas computing the correct classification for each student.
A5: Student | B5: Pass/Fail | C5: Grade Band
A6: ='Task 1'!A6 -> Aiko | B6: =IF('Task 1'!B6>=60,"Pass","Fail") -> Pass | C6: =IF('Task 1'!B6>=90,"A",IF('Task 1'!B6>=80,"B",IF('Task 1'!B6>=60,"C","F"))) -> A
A7: ='Task 1'!A7 -> Ben | B7: =IF('Task 1'!B7>=60,"Pass","Fail") -> Fail | C7: =IF('Task 1'!B7>=90,"A",IF('Task 1'!B7>=80,"B",IF('Task 1'!B7>=60,"C","F"))) -> F
A8: ='Task 1'!A8 -> Carla | B8: =IF('Task 1'!B8>=60,"Pass","Fail") -> Pass | C8: =IF('Task 1'!B8>=90,"A",IF('Task 1'!B8>=80,"B",IF('Task 1'!B8>=60,"C","F"))) -> B
A9: ='Task 1'!A9 -> Diego | B9: =IF('Task 1'!B9>=60,"Pass","Fail") -> Pass | C9: =IF('Task 1'!B9>=90,"A",IF('Task 1'!B9>=80,"B",IF('Task 1'!B9>=60,"C","F"))) -> C
A10: ='Task 1'!A10 -> Elin | B10: =IF('Task 1'!B10>=60,"Pass","Fail") -> Fail | C10: =IF('Task 1'!B10>=90,"A",IF('Task 1'!B10>=80,"B",IF('Task 1'!B10>=60,"C","F"))) -> F
A11: ='Task 1'!A11 -> Farah | B11: =IF('Task 1'!B11>=60,"Pass","Fail") -> Pass | C11: =IF('Task 1'!B11>=90,"A",IF('Task 1'!B11>=80,"B",IF('Task 1'!B11>=60,"C","F"))) -> C
