Workbook

Sheet Instructions
A2: GYW · Excel for Mac — Lesson 13 Practice
B4: VLOOKUP
B6: Use VLOOKUP to pull Name and Price from the Products table into the Orders table.
B8: Tabs in this workbook
B9: Products | C9: Lookup source table
B10: Orders | C10: Write your VLOOKUP formulas here
B11: Answer Key | C11: Live correct formulas

Sheet Products
A1: Products (lookup source)
A3: ID | B3: Name | C3: Price
A4: P001 | B4: Widget A | C4: 12.5
A5: P002 | B5: Widget B | C5: 18
A6: P003 | B6: Gadget X | C6: 45
A7: P004 | B7: Gadget Y | C7: 62
A8: P005 | B8: Device Z | C8: 110

Sheet Orders
A1: Orders — write your VLOOKUP here
A3: Order | B3: Product ID | C3: Name (VLOOKUP) | D3: Price (VLOOKUP) | E3: Check | F3: Check2
A4: ORD-1 | B4: P003 | E4: =IF(TRIM(UPPER(SUBSTITUTE(C4," ","")))=TRIM(UPPER(SUBSTITUTE('Answer Key'!B6," ",""))),"✓","✗") -> ✗ | F4: =IF(ROUND(D4,2)=ROUND('Answer Key'!C6,2),"✓","✗") -> ✗
A5: ORD-2 | B5: P001 | E5: =IF(TRIM(UPPER(SUBSTITUTE(C5," ","")))=TRIM(UPPER(SUBSTITUTE('Answer Key'!B7," ",""))),"✓","✗") -> ✗ | F5: =IF(ROUND(D5,2)=ROUND('Answer Key'!C7,2),"✓","✗") -> ✗
A6: ORD-3 | B6: P005 | E6: =IF(TRIM(UPPER(SUBSTITUTE(C6," ","")))=TRIM(UPPER(SUBSTITUTE('Answer Key'!B8," ",""))),"✓","✗") -> ✗ | F6: =IF(ROUND(D6,2)=ROUND('Answer Key'!C8,2),"✓","✗") -> ✗
A7: ORD-4 | B7: P002 | E7: =IF(TRIM(UPPER(SUBSTITUTE(C7," ","")))=TRIM(UPPER(SUBSTITUTE('Answer Key'!B9," ",""))),"✓","✗") -> ✗ | F7: =IF(ROUND(D7,2)=ROUND('Answer Key'!C9,2),"✓","✗") -> ✗
A8: ORD-5 | B8: P004 | E8: =IF(TRIM(UPPER(SUBSTITUTE(C8," ","")))=TRIM(UPPER(SUBSTITUTE('Answer Key'!B10," ",""))),"✓","✗") -> ✗ | F8: =IF(ROUND(D8,2)=ROUND('Answer Key'!C10,2),"✓","✗") -> ✗
A10: Hint: =VLOOKUP(B4,Products!$A:$C,2,FALSE) for Name, column 3 for Price.

Sheet Answer Key
A1: Answer Key
A3: Live VLOOKUP formulas referencing the Products table.
A5: Order | B5: Name | C5: Price
A6: =Orders!A4 -> ORD-1 | B6: =VLOOKUP(Orders!B4,Products!$A:$C,2,FALSE()) -> Gadget X | C6: =VLOOKUP(Orders!B4,Products!$A:$C,3,FALSE()) -> 45
A7: =Orders!A5 -> ORD-2 | B7: =VLOOKUP(Orders!B5,Products!$A:$C,2,FALSE()) -> Widget A | C7: =VLOOKUP(Orders!B5,Products!$A:$C,3,FALSE()) -> 12.5
A8: =Orders!A6 -> ORD-3 | B8: =VLOOKUP(Orders!B6,Products!$A:$C,2,FALSE()) -> Device Z | C8: =VLOOKUP(Orders!B6,Products!$A:$C,3,FALSE()) -> 110
A9: =Orders!A7 -> ORD-4 | B9: =VLOOKUP(Orders!B7,Products!$A:$C,2,FALSE()) -> Widget B | C9: =VLOOKUP(Orders!B7,Products!$A:$C,3,FALSE()) -> 18
A10: =Orders!A8 -> ORD-5 | B10: =VLOOKUP(Orders!B8,Products!$A:$C,2,FALSE()) -> Gadget Y | C10: =VLOOKUP(Orders!B8,Products!$A:$C,3,FALSE()) -> 62
