Workbook

Sheet Instructions
A2: GYW · Excel for Mac — Lesson 4 Practice Exercises
B4: Cell Addressing & Ranges
B6: This workbook gives you hands-on practice with the concepts from Lesson 4: cell addresses, range references, and absolute vs. relative references.
B8: How to use this workbook:
B10: 1. Go to the "Exercise 1" tab and answer each question by typing into the yellow cells.
B11: 2. A ✓ or ✗ will appear automatically next to each answer — keep trying until it's ✓.
B12: 3. Go to the "Exercise 2" tab and write your own formulas in the yellow cells.
B13: 4. Check your computed values against the "Check" column.
B14: 5. Stuck? Open the "Answer Key" tab to see the correct answers and formulas.
B16: 💡 Mac tip: press ⌘+T while editing a formula to cycle through reference types (A1 → $A$1 → A$1 → $A1).
B19: Tabs in this workbook
B20: Exercise 1 | C20: Cell addresses & writing range references
B21: Exercise 2 | C21: Absolute vs. relative references — tax calculation + predict-the-formula
B22: Answer Key | C22: Correct answers and worked formulas for both exercises

Sheet Exercise 1
A1: Exercise 1 — Cell Addresses & Ranges
A3: Use the sample data below to answer each question.
A5: Region | B5: Q1 | C5: Q2 | D5: Q3
A6: North | B6: 142500 | C6: 158200 | D6: 171000
A7: South | B7: 98200 | C7: 104100 | D7: 112000
A8: East | B8: 187400 | C8: 201800 | D8: 215900
A9: West | B9: 88400 | C9: 94200 | D9: 101500
A11: Questions
A12: # | B12: Question | F12: Your Answer | G12: Check
A13: 1 | B13: What is the cell address of the region "East"? | G13: =IF(TRIM(UPPER(SUBSTITUTE(F13," ","")))=TRIM(UPPER(SUBSTITUTE('Answer Key'!$B$6," ",""))),"✓","✗") -> ✗
A14: 2 | B14: What is the cell address of the Q2 value for "South"? | G14: =IF(TRIM(UPPER(SUBSTITUTE(F14," ","")))=TRIM(UPPER(SUBSTITUTE('Answer Key'!$B$7," ",""))),"✓","✗") -> ✗
A15: 3 | B15: Write a range reference that selects all Q1 values (the four sales numbers in column B). | G15: =IF(TRIM(UPPER(SUBSTITUTE(F15," ","")))=TRIM(UPPER(SUBSTITUTE('Answer Key'!$B$8," ",""))),"✓","✗") -> ✗
A16: 4 | B16: Write a range reference that selects the entire row of data for "North" (columns A–D). | G16: =IF(TRIM(UPPER(SUBSTITUTE(F16," ","")))=TRIM(UPPER(SUBSTITUTE('Answer Key'!$B$9," ",""))),"✓","✗") -> ✗
A17: 5 | B17: Write a range reference that selects the whole table, including headers (row 5 to row 9). | G17: =IF(TRIM(UPPER(SUBSTITUTE(F17," ","")))=TRIM(UPPER(SUBSTITUTE('Answer Key'!$B$10," ",""))),"✓","✗") -> ✗

Sheet Exercise 2
A1: Exercise 2 — Absolute vs. Relative References
A3: Part A: Calculate the price including tax using ONE formula you can copy down.
A5: Tax Rate | B5: 0.075 | C5: ← anchor this cell with $ so it doesn't move when you copy your formula down
A7: Product | B7: Price | C7: Price incl. Tax | D7: Check
A8: Widget A | B8: 12.5 | D8: =IF(ROUND(C8,2)=ROUND('Answer Key'!$C$14,2),"✓","✗") -> ✗
A9: Widget B | B9: 18 | D9: =IF(ROUND(C9,2)=ROUND('Answer Key'!$C$15,2),"✓","✗") -> ✗
A10: Gadget X | B10: 45 | D10: =IF(ROUND(C10,2)=ROUND('Answer Key'!$C$16,2),"✓","✗") -> ✗
A11: Gadget Y | B11: 62 | D11: =IF(ROUND(C11,2)=ROUND('Answer Key'!$C$17,2),"✓","✗") -> ✗
A12: Device Z | B12: 110 | D12: =IF(ROUND(C12,2)=ROUND('Answer Key'!$C$18,2),"✓","✗") -> ✗
A14: Hint: in cell C8, try =B8*(1+$B$5) then copy it down through C12.
A16: Part B: Predict how each formula changes when copied to a new cell.
A17: # | B17: Original Formula (in cell shown) | D17: Copied To | E17: Your Answer | G17: Check
A18: 1 | B18: B2: =A2*$C$1 | D18: B5 | G18: =IF(TRIM(UPPER(SUBSTITUTE(E18," ","")))=TRIM(UPPER(SUBSTITUTE('Answer Key'!$B$22," ",""))),"✓","✗") -> ✗
A19: 2 | B19: B2: =$A2+C1 | D19: D2 | G19: =IF(TRIM(UPPER(SUBSTITUTE(E19," ","")))=TRIM(UPPER(SUBSTITUTE('Answer Key'!$B$23," ",""))),"✓","✗") -> ✗
A20: 3 | B20: B2: =A$2*B1 | D20: C8 | G20: =IF(TRIM(UPPER(SUBSTITUTE(E20," ","")))=TRIM(UPPER(SUBSTITUTE('Answer Key'!$B$24," ",""))),"✓","✗") -> ✗
A21: 4 | B21: B2: =$A$2/C2 | D21: F9 | G21: =IF(TRIM(UPPER(SUBSTITUTE(E21," ","")))=TRIM(UPPER(SUBSTITUTE('Answer Key'!$B$25," ",""))),"✓","✗") -> ✗

Sheet Answer Key
A1: Answer Key
A3: Reference answers used to auto-check Exercise 1 and Exercise 2.
A5: Exercise 1 — Correct Answers
A6: Q1 | B6: A8
A7: Q2 | B7: C7
A8: Q3 | B8: B6:B9
A9: Q4 | B9: A6:D6
A10: Q5 | B10: A5:D9
A12: Exercise 2 Part A — Correct Computed Values
A13: Row | B13: Product | C13: Price incl. Tax
A14: 8 | B14: ='Exercise 2'!A8 -> Widget A | C14: ='Exercise 2'!B8*(1+'Exercise 2'!$B$5) -> 13.4375
A15: 9 | B15: ='Exercise 2'!A9 -> Widget B | C15: ='Exercise 2'!B9*(1+'Exercise 2'!$B$5) -> 19.35
A16: 10 | B16: ='Exercise 2'!A10 -> Gadget X | C16: ='Exercise 2'!B10*(1+'Exercise 2'!$B$5) -> 48.375
A17: 11 | B17: ='Exercise 2'!A11 -> Gadget Y | C17: ='Exercise 2'!B11*(1+'Exercise 2'!$B$5) -> 66.65
A18: 12 | B18: ='Exercise 2'!A12 -> Device Z | C18: ='Exercise 2'!B12*(1+'Exercise 2'!$B$5) -> 118.25
A20: Exercise 2 Part B — Predicted Formulas
A21: # | B21: Predicted Formula
A22: 1 | B22: =A5*$C$1
A23: 2 | B23: =$A2+E1
A24: 3 | B24: =B$2*C7
A25: 4 | B25: =$A$2/G9
